interval,start,end
b1i1,0.0,0.046875
b1i2,0.046875,0.328125
b1i3,0.328125,0.421875
b1i4,0.421875,0.703125
b1i5,0.703125,0.796875
b1i6,0.796875,1.078125
b1i7,1.078125,1.171875
b1i8,1.171875,1.359375
b1i9,1.359375,1.453125
b1i10,1.453125,1.546875
b1i11,1.546875,1.828125
b1i12,1.828125,1.921875
b1i13,1.921875,2.203125
b1i14,2.203125,2.296875
b1i15,2.296875,2.578125
b1i16,2.578125,2.671875
b1i17,2.671875,2.859375
b1i18,2.859375,2.953125
b1i19,2.953125,3.046875
b1i20,3.046875,3.328125
b1i21,3.328125,3.421875
b1i22,3.421875,3.703125
b1i23,3.703125,3.796875
b1i24,3.796875,4.078125
b1i25,4.078125,4.171875
b1i26,4.171875,4.359375
b1i27,4.359375,4.453125
b1i28,4.453125,4.546875
b1i29,4.546875,4.828125
b1i30,4.828125,4.921875
b1i31,4.921875,5.203125
b1i32,5.203125,5.296875
b1i33,5.296875,5.578125
b1i34,5.578125,5.671875
b1i35,5.671875,5.859375
b1i36,5.859375,5.953125
b2i1,5.953125,6.046875
b2i2,6.046875,6.328125
b2i3,6.328125,6.421875
b2i4,6.421875,6.703125
b2i5,6.703125,6.796875
b2i6,6.796875,7.078125
b2i7,7.078125,7.171875
b2i8,7.171875,7.359375
b2i9,7.359375,7.453125
b2i10,7.453125,7.546875
b2i11,7.546875,7.828125
b2i12,7.828125,7.921875
b2i13,7.921875,8.203125
b2i14,8.203125,8.296875
b2i15,8.296875,8.578125
b2i16,8.578125,8.671875
b2i17,8.671875,8.859375
b2i18,8.859375,8.953125
b2i19,8.953125,9.046875
b2i20,9.046875,9.328125
b2i21,9.328125,9.421875
b2i22,9.421875,9.703125
b2i23,9.703125,9.796875
b2i24,9.796875,10.078125
b2i25,10.078125,10.171875
b2i26,10.171875,10.359375
b2i27,10.359375,10.453125
b2i28,10.453125,10.546875
b2i29,10.546875,10.828125
b2i30,10.828125,10.921875
b2i31,10.921875,11.203125
b2i32,11.203125,11.296875
b2i33,11.296875,11.578125
b2i34,11.578125,11.671875
b2i35,11.671875,11.859375
b2i36,11.859375,11.953125
b3i1,11.953125,12.045082523958332
b3i2,12.045082523958332,12.318858076041666
b3i3,12.318858076041666,12.410747107291664
b3i4,12.410747107291664,12.683737826041664
b3i5,12.683737826041664,12.775377428124996
b3i6,12.775377428124996,13.046231536458327
b3i7,13.046231536458327,13.133232631249996
b3i8,13.133232631249996,13.306047047916662
b3i9,13.306047047916662,13.39332586041666
b3i10,13.39332586041666,13.48022192291666
b3i11,13.48022192291666,13.740072789583325
b3i12,13.740072789583325,13.825477039583324
b3i13,13.825477039583324,14.082371516666656
b3i14,14.082371516666656,14.16495269687499
b3i15,14.16495269687499,14.41207637812499
b3i16,14.41207637812499,14.49471390937499
b3i17,14.49471390937499,14.65900915937499
b3i18,14.65900915937499,14.742035623958325
b3i19,14.742035623958325,14.823386967708323
b3i20,14.823386967708323,15.068279336458325
b3i21,15.068279336458325,15.147062352083324
b3i22,15.147062352083324,15.383001166666656
b3i23,15.383001166666656,15.461950604166656
b3i24,15.461950604166656,15.697095104166657
b3i25,15.697095104166657,15.77622243749999
b3i26,15.77622243749999,15.93363061041666
b3i27,15.93363061041666,16.01192633437499
b3i28,16.01192633437499,16.08739129791666
b3i29,16.08739129791666,16.312254982291666
b3i30,16.312254982291666,16.38796985729167
b3i31,16.38796985729167,16.61361026354167
b3i32,16.61361026354167,16.688332169791668
b3i33,16.688332169791668,16.914759810416665
b3i34,16.914759810416665,16.989752389583334
b3i35,16.989752389583334,17.13658838958333
b3i36,17.13658838958333,17.20966176458333
b4i1,17.20966176458333,17.281073705208332
b4i2,17.281073705208332,17.495863153124997
b4i3,17.495863153124997,17.566622347916663
b4i4,17.566622347916663,17.78121628541666
b4i5,17.78121628541666,17.85232434791666
b4i6,17.85232434791666,18.06557586770833
b4i7,18.06557586770833,18.13703429374999
b4i8,18.13703429374999,18.27817213541666
b4i9,18.27817213541666,18.34669375208333
b4i10,18.34669375208333,18.416181033333324
b4i11,18.416181033333324,18.62117501145832
b4i12,18.62117501145832,18.689892355208315
b4i13,18.689892355208315,18.89491798020832
b4i14,18.89491798020832,18.96289044895832
b4i15,18.96289044895832,19.169094894791648
b4i16,19.169094894791648,19.23746410520832
b4i17,19.23746410520832,19.369207224999982
b4i18,19.369207224999982,19.43481971145832
b4i19,19.43481971145832,19.50137233645832
b4i20,19.50137233645832,19.698900116666657
b4i21,19.698900116666657,19.76477539791665
b4i22,19.76477539791665,19.961408147916657
b4i23,19.961408147916657,20.027716002083324
b4i24,20.027716002083324,20.22564900416665
b4i25,20.22564900416665,20.28915565833332
b4i26,20.28915565833332,20.416773593749983
b4i27,20.416773593749983,20.47981859687498
b4i28,20.47981859687498,20.54271606249998
b4i29,20.54271606249998,20.733689593749983
b4i30,20.733689593749983,20.797048593749984
b4i31,20.797048593749984,20.987290164583325
b4i32,20.987290164583325,21.050063883333326
b4i33,21.050063883333326,21.240647146874995
b4i34,21.240647146874995,21.302851490624995
b4i35,21.302851490624995,21.426840865625
b4i36,21.426840865625,21.488627803125
b5i1,21.488627803125,21.549252827083333
b5i2,21.549252827083333,21.731342840625
b5i3,21.731342840625,21.792453465625
b5i4,21.792453465625,21.973975455208333
b5i5,21.973975455208333,22.034560423958336
b5i6,22.034560423958336,22.215541986458327
b5i7,22.215541986458327,22.276617961458328
b5i8,22.276617961458328,22.39738456458333
b5i9,22.39738456458333,22.45807594270833
b5i10,22.45807594270833,22.518639897916664
b5i11,22.518639897916664,22.693659528125
b5i12,22.693659528125,22.752745371875
b5i13,22.752745371875,22.928302488541664
b5i14,22.928302488541664,22.98691280104167
b5i15,22.98691280104167,23.16204323854167
b5i16,23.16204323854167,23.220189332291675
b5i17,23.220189332291675,23.337106054166675
b5i18,23.337106054166675,23.39587421666668
b5i19,23.39587421666668,23.454526645833344
b5i20,23.454526645833344,23.625984350000007
b5i21,23.625984350000007,23.683234162500007
b5i22,23.683234162500007,23.85242955937501
b5i23,23.85242955937501,23.909246496875014
b5i24,23.909246496875014,24.079058965625013
b5i25,24.079058965625013,24.13545271562501
b5i26,24.13545271562501,24.24886220000001
b5i27,24.24886220000001,24.30494438750001
b5i28,24.30494438750001,24.361855555208347
b5i29,24.361855555208347,24.531043797916684
b5i30,24.531043797916684,24.585694216666685
b5i31,24.585694216666685,24.75090037500002
b5i32,24.75090037500002,24.80607912500001
b5i33,24.80607912500001,24.971030468750023
b5i34,24.971030468750023,25.02582134375002
b5i35,25.02582134375002,25.13602783229169
b5i36,25.13602783229169,25.19144124895836
b6i1,25.19144124895836,25.24585228020836
b6i2,25.24585228020836,25.40581171458336
b6i3,25.40581171458336,25.45985071458336
b6i4,25.45985071458336,25.62051913020836
b6i5,25.62051913020836,25.67419366145836
b6i6,25.67419366145836,25.83467866145837
b6i7,25.83467866145837,25.88799594270837
b6i8,25.88799594270837,25.99525330937504
b6i9,25.99525330937504,26.04919135208337
b6i10,26.04919135208337,26.10215847708337
b6i11,26.10215847708337,26.261423598958373
b6i12,26.261423598958373,26.31317170312504
b6i13,26.31317170312504,26.469659744791706
b6i14,26.469659744791706,26.52107387395837
b6i15,26.52107387395837,26.67743678020837
b6i16,26.67743678020837,26.72939334270837
b6i17,26.72939334270837,26.83306181145837
b6i18,26.83306181145837,26.88477449895837
b6i19,26.88477449895837,26.936406873958376
b6i20,26.936406873958376,27.092540218750045
b6i21,27.092540218750045,27.14470832916671
b6i22,27.14470832916671,27.298182683333376
b6i23,27.298182683333376,27.348333114583376
b6i24,27.348333114583376,27.49918125416671
b6i25,27.49918125416671,27.549876254166712
b6i26,27.549876254166712,27.65103894166671
b6i27,27.65103894166671,27.70150731666671
b6i28,27.70150731666671,27.75190103541671
b6i29,27.75190103541671,27.902636222916712
b6i30,27.902636222916712,27.95356768125005
b6i31,27.95356768125005,28.10425396562504
b6i32,28.10425396562504,28.15489215625004
b6i33,28.15489215625004,28.3047111947917
b6i34,28.3047111947917,28.3542322885417
b6i35,28.3542322885417,28.453062538541698
b6i36,28.453062538541698,28.502372288541697
b7i1,28.502372288541697,28.551612382291697
b7i2,28.551612382291697,28.69727758645837
b7i3,28.69727758645837,28.74542425520837
b7i4,28.74542425520837,28.891091738541704
b7i5,28.891091738541704,28.939783957291706
b7i6,28.939783957291706,29.085458238541708
b7i7,29.085458238541708,29.133883332291703
b7i8,29.133883332291703,29.2305353635417
b7i9,29.2305353635417,29.279566591666704
b7i10,29.279566591666704,29.327728872916705
b7i11,29.327728872916705,29.473427361458366
b7i12,29.473427361458366,29.52212837500004
b7i13,29.52212837500004,29.663863748958374
b7i14,29.663863748958374,29.71071989687504
b7i15,29.71071989687504,29.852499475000045
b7i16,29.852499475000045,29.899898287500044
b7i17,29.899898287500044,29.99451003750004
b7i18,29.99451003750004,30.04172347500004
b7i19,30.04172347500004,30.08887575625004
b7i20,30.08887575625004,30.22996706875005
b7i21,30.22996706875005,30.27765942916671
b7i22,30.27765942916671,30.418806946875044
b7i23,30.418806946875044,30.46625627708337
b7i24,30.46625627708337,30.605915269791705
b7i25,30.605915269791705,30.65157547187504
b7i26,30.65157547187504,30.74349793333337
b7i27,30.74349793333337,30.78975868333337
b7i28,30.78975868333337,30.835190889583373
b7i29,30.835190889583373,30.97345667083337
b7i30,30.97345667083337,31.01943148333337
b7i31,31.01943148333337,31.15701701458337
b7i32,31.15701701458337,31.202766733333373
b7i33,31.202766733333373,31.340443516666703
b7i34,31.340443516666703,31.386731138541705
b7i35,31.386731138541705,31.478380113541704
b7i36,31.478380113541704,31.524499735416704
b8i1,31.524499735416704,31.569809016666703
b8i2,31.569809016666703,31.703905780208363
b8i3,31.703905780208363,31.74824713750003
b8i4,31.74824713750003,31.88245979895836
b8i5,31.88245979895836,31.92734114270836
b8i6,31.92734114270836,32.06166989270836
b8i7,32.06166989270836,32.106341767708365
b8i8,32.106341767708365,32.19552986145836
b8i9,32.19552986145836,32.240046423958354
b8i10,32.240046423958354,32.285251938541684
b8i11,32.285251938541684,32.41907975625002
b8i12,32.41907975625002,32.46407820000002
b8i13,32.46407820000002,32.59656212500002
b8i14,32.59656212500002,32.64062275000002
b8i15,32.64062275000002,32.77104093958336
b8i16,32.77104093958336,32.814903345833365
b8i17,32.814903345833365,32.90175059479171
b8i18,32.90175059479171,32.94546596979171
b8i19,32.94546596979171,32.98913278229172
b8i20,32.98913278229172,33.11984278229171
b8i21,33.11984278229171,33.16331659479171
b8i22,33.16331659479171,33.29417352187503
b8i23,33.29417352187503,33.33745686562503
b8i24,33.33745686562503,33.46846368854169
b8i25,33.46846368854169,33.51155906354168
b8i26,33.51155906354168,33.59761157916669
b8i27,33.59761157916669,33.64056745416669
b8i28,33.64056745416669,33.682762870833365
b8i29,33.682762870833365,33.81121668333336
b8i30,33.81121668333336,33.85323043958336
b8i31,33.85323043958336,33.981138252083355
b8i32,33.981138252083355,34.02368406458336
b8i33,34.02368406458336,34.151761068750034
b8i34,34.151761068750034,34.194128287500035
b8i35,34.194128287500035,34.27943532500003
b8i36,34.27943532500003,34.32237392395836
b9i1,34.32237392395836,34.36456479895836
b9i2,34.36456479895836,34.48947194166671
b9i3,34.48947194166671,34.530789103125045
b9i4,34.530789103125045,34.65588229166672
b9i5,34.65588229166672,34.69772701041672
b9i6,34.69772701041672,34.823005510416735
b9i7,34.823005510416735,34.86468029166674
b9i8,34.86468029166674,34.94790344791674
b9i9,34.94790344791674,34.98945207291674
b9i10,34.98945207291674,35.03095897916675
b9i11,35.03095897916675,35.15592131562508
b9i12,35.15592131562508,35.197952114583416
b9i13,35.197952114583416,35.323104130208414
b9i14,35.323104130208414,35.36428131770841
b9i15,35.36428131770841,35.486199358333415
b9i16,35.486199358333415,35.52653169166675
b9i17,35.52653169166675,35.60844166041675
b9i18,35.60844166041675,35.64865501562508
b9i19,35.64865501562508,35.68951017187508
b9i20,35.68951017187508,35.81183770312507
b9i21,35.81183770312507,35.85253470312507
b9i22,35.85253470312507,35.974390484375085
b9i23,35.974390484375085,36.01493110937509
b9i24,36.01493110937509,36.13699541979175
b9i25,36.13699541979175,36.17805391145841
b9i26,36.17805391145841,36.25938212916674
b9i27,36.25938212916674,36.299653316666735
b9i28,36.299653316666735,36.34055769062507
b9i29,36.34055769062507,36.4603600833334
b9i30,36.4603600833334,36.5004422083334
b9i31,36.5004422083334,36.619796361458405
b9i32,36.619796361458405,36.6597290489584
b9i33,36.6597290489584,36.77996861875008
b9i34,36.77996861875008,36.81975355625007
b9i35,36.81975355625007,36.89921340000007
b9i36,36.89921340000007,36.9395497770834
b10i1,36.9395497770834,36.979152214583394
b10i2,36.979152214583394,37.09653227500006
b10i3,37.09653227500006,37.1353688864584
b10i4,37.1353688864584,37.25298021979173
b10i5,37.25298021979173,37.29233153229173
b10i6,37.29233153229173,37.410172751041735
b10i7,37.410172751041735,37.449382657291736
b10i8,37.449382657291736,37.52769715729174
b10i9,37.52769715729174,37.56680190729175
b10i10,37.56680190729175,37.60587187604175
b10i11,37.60587187604175,37.723523090625086
b10i12,37.723523090625086,37.76245465312508
b10i13,37.76245465312508,37.88033880208342
b10i14,37.88033880208342,37.919133427083416
b10i15,37.919133427083416,38.035314618750085
b10i16,38.035314618750085,38.07332883229175
b10i17,38.07332883229175,38.14990229479174
b10i18,38.14990229479174,38.18846060729174
b10i19,38.18846060729174,38.22698557604174
b10i20,38.22698557604174,38.341719361458416
b10i21,38.341719361458416,38.38011161145842
b10i22,38.38011161145842,38.49509083020842
b10i23,38.49509083020842,38.533351705208425
b10i24,38.533351705208425,38.64793876770842
b10i25,38.64793876770842,38.68670458645842
b10i26,38.68670458645842,38.762869430208426
b10i27,38.762869430208426,38.80153752083343
b10i28,38.80153752083343,38.83953967708343
b10i29,38.83953967708343,38.95461913020843
b10i30,38.95461913020843,38.99249388020843
b10i31,38.99249388020843,39.105297756250096
b10i32,39.105297756250096,39.1430463500001
b10i33,39.1430463500001,39.25610425625009
b10i34,39.25610425625009,39.29372794375009
b10i35,39.29372794375009,39.36950780104176
b10i36,39.36950780104176,39.40703861354175
b11i1,39.40703861354175,39.44455401979175
b11i2,39.44455401979175,39.55705401979173
b11i3,39.55705401979173,39.59455401979172
b11i4,39.59455401979172,39.707054019791705
b11i5,39.707054019791705,39.7445540197917
b11i6,39.7445540197917,39.85705401979168
b11i7,39.85705401979168,39.89455401979168
b11i8,39.89455401979168,39.96955401979167
b11i9,39.96955401979167,40.00705401979166
b11i10,40.00705401979166,40.04455401979165
b11i11,40.04455401979165,40.15705401979164
b11i12,40.15705401979164,40.19455401979163
b11i13,40.19455401979163,40.307054019791615
b11i14,40.307054019791615,40.34455401979161
b11i15,40.34455401979161,40.45705401979159
b11i16,40.45705401979159,40.49455401979159
b11i17,40.49455401979159,40.569554019791575
b11i18,40.569554019791575,40.60705401979157
b11i19,40.60705401979157,40.64455401979156
b11i20,40.64455401979156,40.757054019791546
b11i21,40.757054019791546,40.79455401979154
b11i22,40.79455401979154,40.90705401979152
b11i23,40.90705401979152,40.94455401979152
b11i24,40.94455401979152,41.0570540197915
b11i25,41.0570540197915,41.094554019791495
b11i26,41.094554019791495,41.16955401979149
b11i27,41.16955401979149,41.20705401979148
b11i28,41.20705401979148,41.24455401979147
b11i29,41.24455401979147,41.357054019791455
b11i30,41.357054019791455,41.39455401979145
b11i31,41.39455401979145,41.50705401979143
b11i32,41.50705401979143,41.54455401979143
b11i33,41.54455401979143,41.65705401979141
b11i34,41.65705401979141,41.69455401979141
b11i35,41.69455401979141,41.76955401979139
b11i36,41.76955401979139,41.80705401979139
b12i1,41.80705401979139,41.84455401979138
b12i2,41.84455401979138,41.95705401979136
b12i3,41.95705401979136,41.99455401979136
b12i4,41.99455401979136,42.10705401979134
b12i5,42.10705401979134,42.144554019791336
b12i6,42.144554019791336,42.25705401979132
b12i7,42.25705401979132,42.29455401979131
b12i8,42.29455401979131,42.3695540197913
b12i9,42.3695540197913,42.407054019791296
b12i10,42.407054019791296,42.44455401979129
b12i11,42.44455401979129,42.55705401979127
b12i12,42.55705401979127,42.59455401979127
b12i13,42.59455401979127,42.70705401979125
b12i14,42.70705401979125,42.744554019791245
b12i15,42.744554019791245,42.85705401979123
b12i16,42.85705401979123,42.89455401979122
b12i17,42.89455401979122,42.96955401979121
b12i18,42.96955401979121,43.007054019791205
b12i19,43.007054019791205,43.0445540197912
b12i20,43.0445540197912,43.15705401979118
b12i21,43.15705401979118,43.19455401979118
b12i22,43.19455401979118,43.30705401979116
b12i23,43.30705401979116,43.344554019791154
b12i24,43.344554019791154,43.45705401979114
b12i25,43.45705401979114,43.49455401979113
b12i26,43.49455401979113,43.56955401979112
b12i27,43.56955401979112,43.60705401979112
b12i28,43.60705401979112,43.64455401979111
b12i29,43.64455401979111,43.75705401979109
b12i30,43.75705401979109,43.794554019791086
b12i31,43.794554019791086,43.90705401979107
b12i32,43.90705401979107,43.94455401979106
b12i33,43.94455401979106,44.057054019791046
b12i34,44.057054019791046,44.09455401979104
b12i35,44.09455401979104,44.16955401979103
b12i36,44.16955401979103,44.20705401979102
b13i1,44.20705401979102,44.24455401979102
b13i2,44.24455401979102,44.357054019791
b13i3,44.357054019791,44.394554019791
b13i4,44.394554019791,44.50705401979098
b13i5,44.50705401979098,44.54455401979097
b13i6,44.54455401979097,44.65705401979096
b13i7,44.65705401979096,44.69455401979095
b13i8,44.69455401979095,44.76955401979094
b13i9,44.76955401979094,44.80705401979093
b13i10,44.80705401979093,44.84455401979093
b13i11,44.84455401979093,44.95705401979091
b13i12,44.95705401979091,44.9945540197909
b13i13,44.9945540197909,45.10705401979089
b13i14,45.10705401979089,45.14455401979088
b13i15,45.14455401979088,45.257054019790864
b13i16,45.257054019790864,45.29455401979086
b13i17,45.29455401979086,45.36955401979085
b13i18,45.36955401979085,45.40705401979084
b13i19,45.40705401979084,45.44455401979084
b13i20,45.44455401979084,45.55705401979082
b13i21,45.55705401979082,45.59455401979081
b13i22,45.59455401979081,45.7070540197908
b13i23,45.7070540197908,45.74455401979079
b13i24,45.74455401979079,45.85705401979077
b13i25,45.85705401979077,45.89455401979077
b13i26,45.89455401979077,45.96955401979076
b13i27,45.96955401979076,46.00705401979075
b13i28,46.00705401979075,46.044554019790745
b13i29,46.044554019790745,46.15705401979073
b13i30,46.15705401979073,46.19455401979072
b13i31,46.19455401979072,46.30705401979071
b13i32,46.30705401979071,46.3445540197907
b13i33,46.3445540197907,46.45705401979068
b13i34,46.45705401979068,46.49455401979068
b13i35,46.49455401979068,46.569554019790665
b13i36,46.569554019790665,46.60705401979066
b14i1,46.60705401979066,46.644554019790654
b14i2,46.644554019790654,46.75705401979064
b14i3,46.75705401979064,46.79455401979063
b14i4,46.79455401979063,46.90705401979061
b14i5,46.90705401979061,46.94455401979061
b14i6,46.94455401979061,47.05705401979059
b14i7,47.05705401979059,47.094554019790586
b14i8,47.094554019790586,47.169554019790574
b14i9,47.169554019790574,47.20705401979057
b14i10,47.20705401979057,47.24455401979056
b14i11,47.24455401979056,47.35705401979055
b14i12,47.35705401979055,47.39455401979054
b14i13,47.39455401979054,47.50705401979052
b14i14,47.50705401979052,47.54455401979052
b14i15,47.54455401979052,47.6570540197905
b14i16,47.6570540197905,47.694554019790495
b14i17,47.694554019790495,47.76955401979048
b14i18,47.76955401979048,47.80705401979048
b14i19,47.80705401979048,47.84455401979047
b14i20,47.84455401979047,47.957054019790455
b14i21,47.957054019790455,47.99455401979045
b14i22,47.99455401979045,48.10705401979043
b14i23,48.10705401979043,48.14455401979043
b14i24,48.14455401979043,48.25705401979041
b14i25,48.25705401979041,48.2945540197904
b14i26,48.2945540197904,48.36955401979039
b14i27,48.36955401979039,48.40705401979039
b14i28,48.40705401979039,48.44455401979038
b14i29,48.44455401979038,48.55705401979037
b14i30,48.55705401979037,48.59455401979036
b14i31,48.59455401979036,48.70705401979034
b14i32,48.70705401979034,48.744554019790336
b14i33,48.744554019790336,48.85705401979032
b14i34,48.85705401979032,48.89455401979031
b14i35,48.89455401979031,48.9695540197903
b14i36,48.9695540197903,49.007054019790296
b15i1,49.007054019790296,49.04455401979029
b15i2,49.04455401979029,49.15705401979027
b15i3,49.15705401979027,49.19455401979027
b15i4,49.19455401979027,49.30705401979025
b15i5,49.30705401979025,49.344554019790245
b15i6,49.344554019790245,49.45705401979023
b15i7,49.45705401979023,49.49455401979022
b15i8,49.49455401979022,49.56955401979021
b15i9,49.56955401979021,49.607054019790205
b15i10,49.607054019790205,49.6445540197902
b15i11,49.6445540197902,49.75705401979018
b15i12,49.75705401979018,49.794554019790176
b15i13,49.794554019790176,49.90705401979016
b15i14,49.90705401979016,49.94455401979016
b15i15,49.94455401979016,50.05705401979014
b15i16,50.05705401979014,50.09455401979013
b15i17,50.09455401979013,50.16955401979012
b15i18,50.16955401979012,50.207054019790114
b15i19,50.207054019790114,50.24455401979011
b15i20,50.24455401979011,50.35705401979009
b15i21,50.35705401979009,50.394554019790085
b15i22,50.394554019790085,50.50705401979007
b15i23,50.50705401979007,50.54455401979006
b15i24,50.54455401979006,50.657054019790046
b15i25,50.657054019790046,50.69455401979004
b15i26,50.69455401979004,50.76955401979003
b15i27,50.76955401979003,50.80705401979002
b15i28,50.80705401979002,50.84455401979002
b15i29,50.84455401979002,50.95705401979
b15i30,50.95705401979,50.99455401979
b15i31,50.99455401979,51.10705401978998
b15i32,51.10705401978998,51.14455401978997
b15i33,51.14455401978997,51.25705401978996
b15i34,51.25705401978996,51.29455401978995
b15i35,51.29455401978995,51.36955401978994
b15i36,51.36955401978994,51.40705401978993
b16i1,51.40705401978993,51.444554019789926
b16i2,51.444554019789926,51.55705401978991
b16i3,51.55705401978991,51.5945540197899
b16i4,51.5945540197899,51.70705401978989
b16i5,51.70705401978989,51.74455401978988
b16i6,51.74455401978988,51.85705401978986
b16i7,51.85705401978986,51.89455401978986
b16i8,51.89455401978986,51.96955401978985
b16i9,51.96955401978985,52.00705401978984
b16i10,52.00705401978984,52.04455401978984
b16i11,52.04455401978984,52.15705401978982
b16i12,52.15705401978982,52.19455401978981
b16i13,52.19455401978981,52.3070540197898
b16i14,52.3070540197898,52.34455401978979
b16i15,52.34455401978979,52.45705401978977
b16i16,52.45705401978977,52.49455401978977
b16i17,52.49455401978977,52.56955401978976
b16i18,52.56955401978976,52.60705401978975
b16i19,52.60705401978975,52.644554019789744
b16i20,52.644554019789744,52.75705401978973
b16i21,52.75705401978973,52.79455401978972
b16i22,52.79455401978972,52.907054019789705
b16i23,52.907054019789705,52.9445540197897
b16i24,52.9445540197897,53.05705401978968
b16i25,53.05705401978968,53.09455401978968
b16i26,53.09455401978968,53.16955401978967
b16i27,53.16955401978967,53.20705401978966
b16i28,53.20705401978966,53.24455401978965
b16i29,53.24455401978965,53.35705401978964
b16i30,53.35705401978964,53.39455401978963
b16i31,53.39455401978963,53.507054019789614
b16i32,53.507054019789614,53.54455401978961
b16i33,53.54455401978961,53.65705401978959
b16i34,53.65705401978959,53.69455401978959
b16i35,53.69455401978959,53.76955401978957
b16i36,53.76955401978957,53.80705401978957
b17i1,53.80705401978957,53.84455401978956
b17i2,53.84455401978956,53.957054019789545
b17i3,53.957054019789545,53.99455401978954
b17i4,53.99455401978954,54.10705401978952
b17i5,54.10705401978952,54.14455401978952
b17i6,54.14455401978952,54.2570540197895
b17i7,54.2570540197895,54.29455401978949
b17i8,54.29455401978949,54.36955401978948
b17i9,54.36955401978948,54.40705401978948
b17i10,54.40705401978948,54.44455401978947
b17i11,54.44455401978947,54.557054019789454
b17i12,54.557054019789454,54.59455401978945
b17i13,54.59455401978945,54.70705401978943
b17i14,54.70705401978943,54.74455401978943
b17i15,54.74455401978943,54.85705401978941
b17i16,54.85705401978941,54.8945540197894
b17i17,54.8945540197894,54.96955401978939
b17i18,54.96955401978939,55.007054019789386
b17i19,55.007054019789386,55.04455401978938
b17i20,55.04455401978938,55.15705401978936
b17i21,55.15705401978936,55.19455401978936
b17i22,55.19455401978936,55.30705401978934
b17i23,55.30705401978934,55.344554019789335
b17i24,55.344554019789335,55.45705401978932
b17i25,55.45705401978932,55.49455401978931
b17i26,55.49455401978931,55.5695540197893
b17i27,55.5695540197893,55.607054019789295
b17i28,55.607054019789295,55.64455401978929
b17i29,55.64455401978929,55.75705401978927
b17i30,55.75705401978927,55.79455401978927
b17i31,55.79455401978927,55.90705401978925
b17i32,55.90705401978925,55.94455401978925
b17i33,55.94455401978925,56.05705401978923
b17i34,56.05705401978923,56.09455401978922
b17i35,56.09455401978922,56.16955401978921
b17i36,56.16955401978921,56.2070540197892
b18i1,56.2070540197892,56.2445540197892
b18i2,56.2445540197892,56.35705401978918
b18i3,56.35705401978918,56.394554019789176
b18i4,56.394554019789176,56.50705401978916
b18i5,56.50705401978916,56.54455401978915
b18i6,56.54455401978915,56.657054019789136
b18i7,56.657054019789136,56.69455401978913
b18i8,56.69455401978913,56.76955401978912
b18i9,56.76955401978912,56.80705401978911
b18i10,56.80705401978911,56.84455401978911
b18i11,56.84455401978911,56.95705401978909
b18i12,56.95705401978909,56.994554019789085
b18i13,56.994554019789085,57.10705401978907
b18i14,57.10705401978907,57.14455401978906
b18i15,57.14455401978906,57.257054019789045
b18i16,57.257054019789045,57.29455401978904
b18i17,57.29455401978904,57.36955401978903
b18i18,57.36955401978903,57.40705401978902
b18i19,57.40705401978902,57.44455401978902
b18i20,57.44455401978902,57.557054019789
b18i21,57.557054019789,57.594554019788994
b18i22,57.594554019788994,57.70705401978898
b18i23,57.70705401978898,57.74455401978897
b18i24,57.74455401978897,57.85705401978896
b18i25,57.85705401978896,57.89455401978895
b18i26,57.89455401978895,57.96955401978894
b18i27,57.96955401978894,58.00705401978893
b18i28,58.00705401978893,58.044554019788926
b18i29,58.044554019788926,58.15705401978891
b18i30,58.15705401978891,58.1945540197889
b18i31,58.1945540197889,58.307054019788886
b18i32,58.307054019788886,58.34455401978888
b18i33,58.34455401978888,58.45705401978886
b18i34,58.45705401978886,58.49455401978886
b18i35,58.49455401978886,58.569554019788846
b18i36,58.569554019788846,58.60705401978884
b19i1,58.60705401978884,58.64456942603884
b19i2,58.64456942603884,58.75853754583051
b19i3,58.75853754583051,58.79619229583051
b19i4,58.79619229583051,58.91053761978884
b19i5,58.91053761978884,58.94831761978884
b19i6,58.94831761978884,59.06178374478884
b19i7,59.06178374478884,59.099690182288846
b19i8,59.099690182288846,59.175566744788846
b19i9,59.175566744788846,59.21353686978885
b19i10,59.21353686978885,59.25157105728884
b19i11,59.25157105728884,59.36516726978885
b19i12,59.36516726978885,59.40333045728885
b19i13,59.40333045728885,59.51731288333052
b19i14,59.51731288333052,59.55496821978885
b19i15,59.55496821978885,59.66998028228885
b19i16,59.66998028228885,59.70840553228886
b19i17,59.70840553228886,59.7859628281222
b19i18,59.7859628281222,59.82509598020554
b19i19,59.82509598020554,59.86365429270553
b19i20,59.86365429270553,59.98010711145552
b19i21,59.98010711145552,60.01879992395553
b19i22,60.01879992395553,60.13501386145553
b19i23,60.13501386145553,60.173842548955534
b19i24,60.173842548955534,60.29046548645554
b19i25,60.29046548645554,60.32943148645554
b19i26,60.32943148645554,60.40678324062221
b19i27,60.40678324062221,60.44581842812221
b19i28,60.44581842812221,60.48427143228888
b19i29,60.48427143228888,60.60041985728888
b19i30,60.60041985728888,60.639664919788885
b19i31,60.639664919788885,60.75819674478888
b19i32,60.75819674478888,60.79758361978889
b19i33,60.79758361978889,60.9158871197889
b19i34,60.9158871197889,60.9554173072889
b19i35,60.9554173072889,61.033889891663904
b19i36,61.033889891663904,61.0734923291639
b20i1,61.0734923291639,61.113131110413896
b20i2,61.113131110413896,61.23362633228889
b20i3,61.23362633228889,61.27411171458056
b20i4,61.27411171458056,61.39438945312223
b20i5,61.39438945312223,61.43435926562223
b20i6,61.43435926562223,61.55441820312223
b20i7,61.55441820312223,61.59453789062223
b20i8,61.59453789062223,61.67485276562223
b20i9,61.67485276562223,61.71504795312223
b20i10,61.71504795312223,61.75531914062223
b20i11,61.75531914062223,61.87561311770555
b20i12,61.87561311770555,61.91603755520554
b20i13,61.91603755520554,62.036116722913874
b20i14,62.036116722913874,62.07601989791388
b20i15,62.07601989791388,62.19927002916389
b20i16,62.19927002916389,62.240006341663886
b20i17,62.240006341663886,62.32223696770555
b20i18,62.32223696770555,62.36305234270554
b20i19,62.36305234270554,62.40462886249721
b20i20,62.40462886249721,62.52747379999722
b20i21,62.52747379999722,62.568529299997216
b20i22,62.568529299997216,62.691857674997216
b20i23,62.691857674997216,62.73307561249722
b20i24,62.73307561249722,62.85620496874722
b20i25,62.85620496874722,62.89758728124722
b20i26,62.89758728124722,62.97974507603888
b20i27,62.97974507603888,63.020519177080544
b20i28,63.020519177080544,63.06206780208055
b20i29,63.06206780208055,63.18688295103888
b20i30,63.18688295103888,63.22859995103889
b20i31,63.22859995103889,63.3546176510389
b20i32,63.3546176510389,63.396505088538895
b20i33,63.396505088538895,63.52163984374723
b20i34,63.52163984374723,63.56369984374723
b20i35,63.56369984374723,63.64790690624724
b20i36,63.64790690624724,63.68935151770558
b21i1,63.68935151770558,63.73154239270559
b21i2,63.73154239270559,63.85983212291391
b21i3,63.85983212291391,63.90295054478891
b21i4,63.90295054478891,64.03107220520559
b21i5,64.03107220520559,64.07366295520559
b21i6,64.07366295520559,64.20161595520558
b21i7,64.20161595520558,64.24438808020558
b21i8,64.24438808020558,64.33002395520559
b21i9,64.33002395520559,64.3728877052056
b21i10,64.3728877052056,64.41584358020559
b21i11,64.41584358020559,64.54346342083059
b21i12,64.54346342083059,64.5866054833306
b21i13,64.5866054833306,64.71478003541394
b21i14,64.71478003541394,64.75883283749728
b21i15,64.75883283749728,64.89046274166397
b21i16,64.89046274166397,64.93398449166396
b21i17,64.93398449166396,65.0218514624973
b21i18,65.0218514624973,65.0654697124973
b21i19,65.0654697124973,65.1091850874973
b21i20,65.1091850874973,65.24052683749731
b21i21,65.24052683749731,65.28443846249732
b21i22,65.28443846249732,65.41637158749732
b21i23,65.41637158749732,65.45974691249731
b21i24,65.45974691249731,65.59154256249728
b21i25,65.59154256249728,65.63511621353895
b21i26,65.63511621353895,65.7231021677056
b21i27,65.7231021677056,65.76825640103893
b21i28,65.76825640103893,65.81277296353893
b21i29,65.81277296353893,65.94727121874726
b21i30,65.94727121874726,65.99274049166392
b21i31,65.99274049166392,66.12712161666393
b21i32,66.12712161666393,66.17205567916393
b21i33,66.17205567916393,66.30631969478893
b21i34,66.30631969478893,66.35146700728893
b21i35,66.35146700728893,66.4411168645806
b21i36,66.4411168645806,66.48561761458059
b22i1,66.48561761458059,66.53092689583059
b22i2,66.53092689583059,66.66875014895558
b22i3,66.66875014895558,66.71509280208058
b22i4,66.71509280208058,66.85282505416393
b22i5,66.85282505416393,66.89863061666392
b22i6,66.89863061666392,67.0362724291639
b22i7,67.0362724291639,67.0823039291639
b22i8,67.0823039291639,67.1744811166639
b22i9,67.1744811166639,67.2206268041639
b22i10,67.2206268041639,67.26611654166389
b22i11,67.26611654166389,67.40435772187219
b22i12,67.40435772187219,67.45007633020552
b22i13,67.45007633020552,67.58979416666384
b22i14,67.58979416666384,67.63730280937216
b22i15,67.63730280937216,67.77851007708048
b22i16,67.77851007708048,67.82626265624714
b22i17,67.82626265624714,67.92032353124713
b22i18,67.92032353124713,67.96741465624714
b22i19,67.96741465624714,68.01462809374715
b22i20,68.01462809374715,68.15651490624715
b22i21,68.15651490624715,68.20397584374716
b22i22,68.20397584374716,68.34502491353885
b22i23,68.34502491353885,68.39273728853884
b22i24,68.39273728853884,68.53453625624718
b22i25,68.53453625624718,68.58330353228884
b22i26,68.58330353228884,68.68016793333051
b22i27,68.68016793333051,68.72906667708051
b22i28,68.72906667708051,68.77729411458051
b22i29,68.77729411458051,68.9230430927055
b22i30,68.9230430927055,68.97153440520549
b22i31,68.97153440520549,69.1172754677055
b22i32,69.1172754677055,69.1660350302055
b22i33,69.1660350302055,69.31177041978884
b22i34,69.31177041978884,69.35998558853885
b22i35,69.35998558853885,69.45736889374719
b22i36,69.45736889374719,69.50571982395553
b23i1,69.50571982395553,69.55495991770553
b23i2,69.55495991770553,69.70564033853886
b23i3,69.70564033853886,69.75523227603885
b23i4,69.75523227603885,69.9051227520805
b23i5,69.9051227520805,69.95500168958051
b23i6,69.95500168958051,70.10492937708052
b23i7,70.10492937708052,70.15510043958052
b23i8,70.15510043958052,70.25475191353885
b23i9,70.25475191353885,70.30507097603885
b23i10,70.30507097603885,70.35553935103886
b23i11,70.35553935103886,70.50471728645553
b23i12,70.50471728645553,70.55548828645553
b23i13,70.55548828645553,70.71065169895552
b23i14,70.71065169895552,70.76173082395552
b23i15,70.76173082395552,70.91613201770551
b23i16,70.91613201770551,70.96752501770551
b23i17,70.96752501770551,71.07047008020551
b23i18,71.07047008020551,71.12202214270552
b23i19,71.12202214270552,71.17373483020552
b23i20,71.17373483020552,71.32833243853884
b23i21,71.32833243853884,71.37950350728883
b23i22,71.37950350728883,71.53420888853884
b23i23,71.53420888853884,71.58745210312217
b23i24,71.58745210312217,71.74664846353883
b23i25,71.74664846353883,71.79935721353884
b23i26,71.79935721353884,71.9058248802055
b23i27,71.9058248802055,71.9587053177055
b23i28,71.9587053177055,72.01175913020549
b23i29,72.01175913020549,72.17127069270549
b23i30,72.17127069270549,72.2246763802055
b23i31,72.2246763802055,72.38346752603881
b23i32,72.38346752603881,72.43633619687215
b23i33,72.43633619687215,72.59709570624715
b23i34,72.59709570624715,72.65122676874715
b23i35,72.65122676874715,72.75967489374715
b23i36,72.75967489374715,72.81399195624714
b24i1,72.81399195624714,72.86840298749713
b24i2,72.86840298749713,73.03502944374712
b24i3,73.03502944374712,73.08991625624712
b24i4,73.08991625624712,73.25587934895546
b24i5,73.25587934895546,73.31115609895546
b24i6,73.31115609895546,73.47738259895544
b24i7,73.47738259895544,73.53305772395545
b24i8,73.53305772395545,73.64368249270545
b24i9,73.64368249270545,73.69862876249712
b24i10,73.69862876249712,73.7537762468721
b24i11,73.7537762468721,73.92243668437213
b24i12,73.92243668437213,73.97987669895545
b24i13,73.97987669895545,74.15168175416377
b24i14,74.15168175416377,74.20860569166378
b24i15,74.20860569166378,74.37981037916374
b24i16,74.37981037916374,74.43716962916373
b24i17,74.43716962916373,74.55210962916372
b24i18,74.55210962916372,74.60873069999705
b24i19,74.60873069999705,74.66653544999706
b24i20,74.66653544999706,74.83750528124706
b24i21,74.83750528124706,74.89673704374705
b24i22,74.89673704374705,75.07392943749706
b24i23,75.07392943749706,75.1336359833304
b24i24,75.1336359833304,75.3102947333304
b24i25,75.3102947333304,75.36950092083039
b24i26,75.36950092083039,75.48815692083038
b24i27,75.48815692083038,75.54760673333037
b24i28,75.54760673333037,75.60630823020537
b24i29,75.60630823020537,75.78389883645538
b24i30,75.78389883645538,75.84309464270538
b24i31,75.84309464270538,76.02621517395536
b24i32,76.02621517395536,76.08692986145536
b24i33,76.08692986145536,76.26959954895537
b24i34,76.26959954895537,76.33084329895537
b24i35,76.33084329895537,76.4525798822887
b24i36,76.4525798822887,76.51306821874704
b25i1,76.51306821874704,76.5757482510387
b25i2,76.5757482510387,76.76373186145535
b25i3,76.76373186145535,76.82711569062204
b25i4,76.82711569062204,77.01471931562202
b25i5,77.01471931562202,77.07763731562201
b25i6,77.07763731562201,77.26697656562203
b25i7,77.26697656562203,77.32942548437202
b25i8,77.32942548437202,77.454619243747
b25i9,77.454619243747,77.51736408437199
b25i10,77.51736408437199,77.582546206247
b25i11,77.582546206247,77.77764854895536
b25i12,77.77764854895536,77.84346500728869
b25i13,77.84346500728869,78.03831525728872
b25i14,78.03831525728872,78.1036952572887
b25i15,78.1036952572887,78.29939711562204
b25i16,78.29939711562204,78.36543917812205
b25i17,78.36543917812205,78.4956548822887
b25i18,78.4956548822887,78.56092922499703
b25i19,78.56092922499703,78.6287658635387
b25i20,78.6287658635387,78.8329860479137
b25i21,78.8329860479137,78.90041479791371
b25i22,78.90041479791371,79.10342204791372
b25i23,79.10342204791372,79.17157773541372
b25i24,79.17157773541372,79.37450527916373
b25i25,79.37450527916373,79.44341190416372
b25i26,79.44341190416372,79.58046164791372
b25i27,79.58046164791372,79.65090806978873
b25i28,79.65090806978873,79.72175245312206
b25i29,79.72175245312206,79.93276572187207
b25i30,79.93276572187207,80.00325190937207
b25i31,80.00325190937207,80.21553472187205
b25i32,80.21553472187205,80.28566390416371
b25i33,80.28566390416371,80.4980798479137
b25i34,80.4980798479137,80.56905641770537
b25i35,80.56905641770537,80.71385829270535
b25i36,80.71385829270535,80.78648060520534
b26i1,80.78648060520534,80.86054633853867
b26i2,80.86054633853867,81.08312890103869
b26i3,81.08312890103869,81.15836344166368
b26i4,81.15836344166368,81.38132175416365
b26i5,81.38132175416365,81.45628700416364
b26i6,81.45628700416364,81.6796602395803
b26i7,81.6796602395803,81.75436216770531
b26i8,81.75436216770531,81.90682365520533
b26i9,81.90682365520533,81.98458321458034
b26i10,81.98458321458034,82.06287893853867
b26i11,82.06287893853867,82.29627603749702
b26i12,82.29627603749702,82.37437666249701
b26i13,82.37437666249701,82.60849099791366
b26i14,82.60849099791366,82.68640688958034
b26i15,82.68640688958034,82.92529992083035
b26i16,82.92529992083035,83.00706374895536
b26i17,83.00706374895536,83.16987512083037
b26i18,83.16987512083037,83.25091243333037
b26i19,83.25091243333037,83.33257780833037
b26i20,83.33257780833037,83.57748812708037
b26i21,83.57748812708037,83.65907203645537
b26i22,83.65907203645537,83.90793819583038
b26i23,83.90793819583038,83.99367604687205
b26i24,83.99367604687205,84.2509129958304
b26i25,84.2509129958304,84.33668062083039
b26i26,84.33668062083039,84.50896155833037
b26i27,84.50896155833037,84.5940329822887
b26i28,84.5940329822887,84.6798571479137
b26i29,84.6798571479137,84.94327893749704
b26i30,84.94327893749704,85.03363289999704
b26i31,85.03363289999704,85.30339336249708
b26i32,85.30339336249708,85.39395073749708
b26i33,85.39395073749708,85.66433310624708
b26i34,85.66433310624708,85.75513570416375
b26i35,85.75513570416375,85.9392124895804
b26i36,85.9392124895804,86.03248667708039
b27i1,86.03248667708039,
